0,1,2,3,4,5,6,7,8,9,10,11,12,13,14,15,16,17,18,19
3008091.2,1049.4122,1177.2936,0.0,290.69592,3297727.0,797.22986,504.72003,0.0,220.83931,3817360.2,764.05493,1142.8192,0.0,211.64958,2518504.8,490.61063,1452.694,0.0,135.90323
3007696.2,1098.5582,1232.4285,290.69592,304.30978,3297410.0,856.196,542.051,220.83931,237.17342,3817050.0,803.4616,1201.7609,211.64958,222.56555,2518315.0,504.16208,1492.8197,135.90323,139.65709
3007284.5,1149.2709,1289.3209,595.00574,318.3576,3297073.5,916.88574,580.47327,458.01273,253.98499,3816726.2,844.0417,1262.4578,434.21515,233.80658,2518125.5,516.7616,1530.1267,275.5603,143.14726
3006857.8,1200.3722,1346.6495,913.36334,332.5131,3296725.0,974.77936,617.12524,711.9977,270.022,3816394.8,883.18024,1320.9984,668.0217,244.64828,2517938.8,527.7995,1562.8098,418.70758,146.20485
3006408.5,1255.3064,1408.278,1245.8765,347.73032,3296349.8,1039.3706,658.01746,982.01965,287.9143,3816046.5,924.71356,1383.121,912.67004,256.15335,2517748.0,538.9906,1595.9467,564.9124,149.30489
3005946.2,1309.3726,1468.9326,1593.6068,362.7071,3295937.2,1115.4268,706.168,1269.934,308.9825,3815684.8,967.0332,1446.4197,1168.8234,267.87625,2517565.0,547.5426,1621.269,714.2173,151.67386
3005450.0,1372.2174,1539.4358,1956.314,380.11566,3295458.0,1219.7072,772.18713,1578.9165,337.86905,3815277.2,1022.9053,1529.9891,1436.6996,283.35327,2517377.5,556.5434,1647.9204,865.8911,154.16716
3004916.5,1444.4144,1620.4308,2336.4297,400.11484,3294924.2,1339.7777,848.2029,1916.7855,371.12958,3814825.0,1090.6378,1631.2987,1720.0529,302.11575,2517189.0,565.2564,1673.7195,1020.0583,156.58073
3004339.8,1527.738,1713.9082,2736.5444,423.19617,3294327.2,1477.9487,935.6779,2287.915,409.4041,3814314.2,1174.2568,1756.3702,2022.1686,325.27893,2516998.5,573.81274,1699.0548,1176.639,158.95091
3003705.5,1627.293,1825.5948,3159.7407,450.7737,3293620.8,1660.0688,1050.9767,2697.319,459.8529,3813715.5,1283.8368,1920.2721,2347.4475,355.63348,2516796.0,584.8382,1731.701,1335.59,162.00505
3002990.0,1751.9015,1965.3881,3610.5144,485.2913,3292723.2,1928.0199,1220.6145,3157.1719,534.0776,3812987.0,1433.3208,2143.8596,2703.081,397.04178,2516559.0,603.79407,1787.8292,1497.595,167.25598
3002154.2,1917.1385,2150.761,4095.8057,531.06335,3291523.5,2335.584,1478.64,3691.2495,646.9762,3812067.8,1642.5829,2456.859,3100.1228,455.00912,2516248.2,639.9723,1894.9525,1664.851,177.27765
3001149.2,2140.6138,2401.4688,4626.869,592.96783,3289898.0,2934.6445,1857.9006,4338.2256,812.92096,3810885.8,1933.7511,2892.368,3555.1318,535.66516,2515824.2,702.17804,2079.1433,1842.1287,194.50916
2999953.2,2424.7734,2720.256,5219.837,671.68243,3287779.0,3734.6145,2364.3555,5151.1465,1034.5193,3809412.8,2309.361,3454.1785,4090.7969,639.7122,2515277.2,791.20746,2342.7585,2036.6378,219.17105
2998585.0,2752.9895,3088.4688,5891.5195,762.601,3285182.5,4691.0063,2969.8398,6185.666,1299.4479,3807682.0,2746.4146,4107.892,4730.5093,760.77966,2514627.5,899.9241,2664.6675,2255.8088,249.28645
2997083.0,3101.4663,3479.411,6654.1206,859.132,3282179.8,5734.092,3630.209,7485.114,1588.3911,3805758.8,3212.3372,4804.786,5491.289,889.8441,2513907.8,1018.7648,3016.554,2505.0952,282.20633
2995478.5,3452.7622,3873.5159,7513.2524,956.4439,3278842.8,6804.6665,4307.9814,9073.505,1884.9492,3803688.2,3685.2903,5512.196,6381.1333,1020.8561,2513136.2,1142.2299,3382.1333,2787.3015,316.4072
2993760.8,3811.4998,4275.9688,8469.696,1055.8171,3275181.5,7892.3896,4996.6104,10958.454,2186.2576,3801439.8,4177.1724,6247.9185,7401.9893,1157.1116,2512280.8,1278.3518,3785.1892,3103.7087,354.1141
2991846.8,4215.8936,4729.642,9525.514,1167.8376,3271087.5,9060.539,5736.1567,13144.712,2509.8447,3798859.0,4747.7007,7101.274,8559.101,1315.1526,2511232.0,1453.717,4304.444,3457.8228,402.6917
2989625.5,4712.552,5286.8228,10693.352,1305.416,3266396.8,10396.059,6581.6636,15654.557,2879.7947,3795741.2,5469.9746,8181.6,9874.253,1515.2285,2509859.2,1698.6261,5029.6177,3860.5144,470.53357
2987024.2,5323.13,5971.806,11998.768,1474.5513,3261005.0,11934.303,7555.514,18534.352,3305.9011,3791958.5,6378.4487,9540.432,11389.481,1766.8834,2508084.8,2027.861,6004.4795,4331.048,561.7344
2984036.0,6036.5913,6772.21,13473.318,1672.186,3254908.0,13643.339,8637.492,21840.252,3779.3184,3787500.8,7456.6855,11153.182,13156.365,2065.564,2505903.0,2436.8723,7215.5586,4892.782,675.03394
2980705.0,6818.33,7649.211,15145.504,1888.7341,3248180.2,15448.629,9780.407,25619.57,4279.399,3782445.2,8654.626,12944.976,15221.93,2397.4033,2503357.0,2909.1345,8613.923,5567.8164,805.8545
2977110.5,7622.2407,8551.086,17034.238,2111.424,3240941.8,17260.64,10927.578,29898.969,4781.3413,3776915.8,9909.722,14822.26,17619.332,2745.0754,2500514.5,3423.3164,10136.411,6373.671,948.2872
2973351.2,8398.803,9422.28,19145.662,2326.5383,3233333.0,18991.975,12023.672,34680.31,5260.935,3771046.2,11161.621,16694.762,20364.408,3091.862,2497446.5,3958.5132,11721.125,7321.958,1096.5411
2969533.2,9101.733,10210.87,21472.201,2521.2559,3225499.5,20567.246,13020.964,39941.242,5697.2983,3764969.2,12357.738,18483.828,23456.27,3423.1963,2494216.2,4497.15,13316.022,8418.499,1245.7479
2965758.5,9692.454,10873.575,23993.457,2684.8904,3217580.0,21927.955,13882.418,45638.54,6074.226,3758806.2,13455.396,20125.629,26879.465,3727.2568,2490875.0,5026.1514,14882.393,9664.247,1392.2858
2962119.5,10142.184,11378.109,26678.348,2809.4692,3209714.2,23025.12,14577.023,51712.766,6378.1494,3752680.0,14416.747,21563.547,30606.723,3993.5588,2487481.5,5531.461,16378.609,11056.533,1532.2607
2958692.8,10433.058,11704.43,29487.816,2890.044,3202041.8,23817.578,15078.724,58090.914,6597.6675,3746713.5,15207.321,22746.033,34600.28,4212.5547,2484108.2,5996.1914,17754.674,12588.794,1660.995
2955529.5,10561.847,11848.913,32377.86,2925.7195,3194674.8,24288.857,15377.087,64688.582,6728.216,3741000.5,15808.542,23645.295,38812.836,4379.0977,2480815.0,6408.295,18974.908,14249.789,1775.151
2952656.5,10537.053,11821.098,35303.58,2918.8513,3187682.0,24450.707,15479.553,71416.8,6773.0493,3735602.2,16216.863,24256.033,43191.934,4492.206,2477643.5,6760.824,20018.744,16024.94,1872.8046
2950087.8,10371.916,11635.838,38222.43,2873.1072,3181104.5,24330.926,15403.721,78189.84,6739.869,3730559.2,16437.535,24586.1,47684.14,4553.334,2474617.2,7052.037,20881.023,17897.744,1953.473
2947833.0,10080.53,11308.943,41095.535,2792.3909,3174962.2,23964.908,15171.997,84929.71,6638.479,3725903.5,16478.502,24647.375,52237.477,4564.682,2471749.5,7282.8613,21564.492,19851.217,2017.4132
2945898.0,9676.41,10855.577,43887.926,2680.4463,3169262.2,23390.174,14808.138,91568.19,6479.273,3721668.2,16346.569,24450.04,56802.16,4528.1357,2469053.0,7454.2725,22072.04,21868.63,2064.8955
2944290.5,9170.864,10288.426,46568.37,2540.4058,3164016.8,22634.85,14329.948,98047.46,6270.042,3717892.2,16045.148,23999.195,61330.297,4444.6396,2466551.8,7564.461,22398.307,23933.527,2095.4187
2943010.5,8576.724,9621.882,49108.777,2375.8237,3159245.5,21717.031,13748.884,104317.5,6015.7983,3714616.0,15576.939,23298.88,65774.94,4314.942,2464278.8,7609.3022,22531.08,26028.945,2107.84
2942051.2,7909.217,8873.034,51484.6,2190.919,3154982.8,20643.627,13069.32,110333.3,5718.4565,3711871.2,14947.832,22357.906,70089.88,4140.674,2462275.0,7583.0557,22453.365,28136.785,2100.5696
2941389.5,7188.463,8064.448,53675.52,1991.264,3151261.8,19420.557,12295.003,116051.75,5379.656,3709661.5,14174.269,21200.865,74230.555,3926.3904,2460564.8,7484.513,22161.58,30237.355,2073.2725
2940989.0,6438.756,7223.3823,55666.785,1783.589,3148098.2,18063.406,11435.802,121431.41,5003.714,3707953.8,13285.196,19871.055,78156.945,3680.1099,2459140.0,7320.725,21676.607,32310.629,2027.9019
2940796.0,5689.122,6382.3984,57450.375,1575.9342,3145464.2,16612.463,10517.222,126435.12,4601.7905,3706675.0,12323.076,18431.984,81837.055,3413.5947,2457962.8,7106.015,21040.852,34338.53,1968.4253
2940728.0,4978.595,5585.2866,59026.31,1379.1123,3143258.5,15145.215,9588.318,131036.91,4195.3506,3705697.2,11346.979,16972.006,85250.65,3143.2075,2456961.8,6861.6943,20317.42,36306.957,1900.7465
2940680.8,4350.759,4880.942,60405.42,1205.1964,3141330.8,13756.758,8709.296,135232.25,3810.7363,3704867.8,10420.043,15585.562,88393.86,2886.4387,2456053.5,6611.1406,19575.531,38207.703,1831.341
2940550.5,3844.3423,4312.8135,61610.617,1064.9148,3139515.5,12534.788,7935.6772,139042.98,3472.2407,3704035.2,9596.943,14354.427,91280.3,2658.433,2455170.0,6371.8804,18867.084,40039.043,1765.0638
2940252.0,3483.0488,3907.493,62675.53,964.8335,3137666.0,11541.156,7306.616,142515.22,3196.9963,3703079.5,8914.641,13333.888,93938.73,2469.4297,2454254.0,6157.569,18232.51,41804.105,1705.6979
2939761.0,3259.8262,3657.0684,63640.363,902.99896,3135710.8,10780.67,6825.158,145712.22,2986.3352,3701962.8,8372.748,12523.363,96408.16,2319.321,2453292.0,5969.765,17676.426,43509.805,1653.6747
2939130.0,3131.5613,3513.1733,64543.363,867.46857,3133700.8,10183.026,6446.7954,148698.55,2820.7832,3700764.5,7923.547,11851.4795,98727.48,2194.8884,2452333.5,5794.2383,17156.691,45163.48,1605.0522
2938452.5,3042.1028,3412.8132,65410.832,842.6878,3131755.5,9646.893,6107.3726,151519.33,2672.2695,3699624.2,7501.089,11219.597,100922.37,2077.864,2451454.2,5611.025,16614.2,46768.53,1554.3007
2937811.5,2947.001,3306.1223,66253.52,816.3438,3129984.5,9094.959,5757.948,154191.6,2519.3794,3698657.5,7055.801,10553.566,103000.234,1954.5155,2450713.0,5405.757,16006.401,48322.832,1497.4397
2937249.8,2826.9585,3171.4517,67069.87,783.09106,3128432.2,8502.781,5383.045,156710.97,2355.3413,3697903.5,6574.7993,9834.119,104954.75,1821.2742,2450129.5,5174.9995,15323.13,49820.273,1433.518
2936751.8,2692.5642,3020.6802,67852.96,745.86273,3127052.8,7905.2437,5004.7485,159066.31,2189.8184,3697302.5,6085.833,9102.758,106776.02,1685.8264,2449673.2,4928.326,14592.732,51253.793,1365.1874
2936264.0,2570.936,2884.23,68598.82,712.17065,3125747.0,7363.8516,4661.997,161256.12,2039.8481,3696742.5,5634.6885,8427.968,108461.85,1560.8556,2449279.0,4683.1284,13866.705,52618.98,1297.2656
2935758.0,2473.8008,2775.258,69310.99,685.2634,3124458.5,6903.809,4370.748,163295.97,1912.4126,3696162.2,5241.712,7840.1807,110022.71,1451.9978,2448908.5,4449.2075,13174.066,53916.246,1232.4675
2935241.0,2394.4045,2686.1868,69996.26,663.27,3123199.5,6503.8306,4117.525,165208.38,1801.6152,3695576.2,4894.7456,7321.2134,111474.71,1355.8853,2448561.5,4225.6284,12512.051,55148.715,1170.5343
2934726.2,2324.572,2607.8442,70659.53,643.9258,3121993.0,6139.19,3886.6733,167009.98,1700.6067,3695011.2,4577.92,6847.328,112830.59,1268.122,2448246.2,4009.7424,11872.814,56319.25,1110.732
2934216.5,2261.152,2536.696,71303.45,626.358,3120845.0,5801.006,3672.5718,168710.6,1606.9269,3694470.8,4286.33,6411.1885,114098.72,1187.3491,2447957.0,3802.3267,11258.657,57429.98,1053.2761
2933712.2,2203.7026,2472.2456,71929.81,610.444,3119744.5,5490.752,3476.1523,170317.52,1520.984,3693940.8,4022.9795,6017.2876,115286.07,1114.3988,2447682.5,3605.7556,10676.612,58483.258,998.82434
2933211.0,2152.2454,2414.5178,72540.26,596.1899,3118675.5,5213.9385,3300.9038,171838.5,1444.3043,3693400.0,3793.053,5673.38,116400.47,1050.7073,2447409.2,3422.5703,10134.202,59482.082,948.08044
2932711.8,2106.5215,2363.2222,73136.445,583.524,3117622.8,4974.2974,3149.189,173282.8,1377.9218,3692835.0,3598.414,5382.2524,117451.18,996.79065,2447121.5,3255.8284,9640.48,60430.164,901.89154
2932215.2,2065.565,2317.2747,73719.97,572.1787,3116581.0,4768.4204,3018.8499,174660.72,1320.8921,3692245.0,3435.4954,5138.5703,118447.97,951.6608,2446813.8,3105.8528,9196.403,61332.055,860.34705
2931724.8,2027.0786,2274.0981,74292.15,561.51764,3115566.2,4580.951,2900.1648,175981.61,1268.9617,3691650.0,3292.4678,4924.64,119399.63,912.041,2446509.0,2965.601,8781.12,62192.402,821.49615
2931245.0,1988.5205,2230.8416,74853.664,550.83673,3114598.8,4396.4614,2783.3657,177250.58,1217.8564,3691075.0,3157.5532,4722.844,120311.67,874.6685,2446237.5,2826.7078,8369.858,63013.9,783.0216
2930777.5,1949.138,2186.6597,75404.5,539.9274,3113682.0,4211.951,2666.5537,178468.44,1166.7456,3690524.2,3027.7146,4528.6406,121186.34,838.70215,2446009.0,2686.721,7955.3584,63796.92,744.2441
2930325.0,1908.0323,2140.545,75944.43,528.54083,3112812.5,4029.9805,2551.3494,179635.19,1116.3381,3689999.0,2902.161,4340.8467,122025.05,803.9227,2445824.2,2545.3977,7536.9014,64541.164,705.0964
2929887.8,1865.0161,2092.2869,76472.97,516.625,3111982.8,3854.3967,2440.1885,180751.53,1067.7,3689494.2,2782.3118,4161.5845,122828.97,770.7235,2445671.5,2405.994,7124.128,65246.26,666.48035
2929463.5,1821.5748,2043.5519,76989.59,504.5914,3111182.0,3691.0967,2336.8047,181819.23,1022.4645,3688999.2,2671.8274,3996.3298,123599.695,740.1184,2445527.8,2274.0898,6733.561,65912.74,629.94183
2929047.0,1779.9027,1996.8016,77494.19,493.04788,3110395.2,3546.677,2245.3735,182841.7,982.45905,3688502.8,2574.2224,3850.3394,124339.81,713.08105,2445375.0,2153.611,6376.824,66542.69,596.5682
2928635.8,1741.3787,1953.5829,77987.234,482.37637,3109618.0,3421.015,2165.8179,183824.16,947.6496,3688000.8,2489.522,3723.6504,125052.89,689.6183,2445210.8,2044.4243,6053.5234,67139.26,566.3226
2928229.0,1705.8403,1913.714,78469.61,472.53198,3108855.0,3307.9326,2094.2266,184771.81,916.3249,3687502.2,2413.0256,3609.233,125742.51,668.4282,2445047.0,1942.8254,5752.69,67705.58,538.17883
2927830.5,1670.8492,1874.4589,78942.14,462.83914,3108116.8,3198.8665,2025.1775,185688.14,886.1126,3687020.8,2338.092,3497.1523,126410.94,647.67096,2444899.2,1844.2252,5460.736,68243.76,510.86575
2927443.8,1635.0833,1834.3344,79404.98,452.93167,3107405.8,3091.6333,1957.289,186574.25,856.40814,3686559.5,2263.4292,3385.4768,127058.61,626.9887,2444766.5,1748.7047,5177.9,68754.625,484.40576
2927066.8,1599.1448,1794.0165,79857.91,442.9764,3106718.8,2987.8997,1891.6161,187430.66,827.6731,3686114.0,2190.68,3276.6636,127685.6,606.83655,2444637.5,1659.0729,4912.501,69239.03,459.577
2926698.5,1563.9028,1754.48,80300.88,433.2141,3106055.2,2887.5586,1828.0908,188258.33,799.87775,3685682.5,2120.425,3171.5813,128292.44,587.37537,2444505.8,1576.3352,4667.515,69698.61,436.65796
2926335.5,1530.9996,1717.5671,80734.09,424.09964,3105415.2,2789.3997,1765.9473,189058.2,772.68695,3685262.2,2053.4692,3071.4336,128879.81,568.82806,2444369.0,1500.5658,4443.1626,70135.266,415.66922
2925973.8,1501.5505,1684.5293,81158.195,415.942,3104802.2,2691.73,1704.1133,189830.89,745.6316,3684851.8,1990.076,2976.6147,129448.64,551.26764,2444232.8,1430.0156,4234.264,70550.94,396.12622
2925612.5,1475.6989,1655.5273,81574.14,408.78085,3104217.2,2593.3984,1641.8604,190576.52,718.39294,3684449.2,1930.3754,2887.3186,129999.91,534.73004,2444104.2,1362.5063,4034.3699,70947.06,377.4256
2925252.0,1452.8904,1629.9396,81982.92,402.46274,3103657.5,2496.1611,1580.3002,191294.9,691.4574,3684050.2,1876.0017,2805.9902,130534.63,519.6681,2443975.0,1299.852,3848.8508,71324.484,360.06982
2924894.5,1431.854,1606.3396,82385.38,396.63547,3103118.0,2403.143,1521.4111,191986.36,665.6906,3683649.2,1828.4735,2734.9011,131054.305,506.50238,2443837.0,1243.7524,3682.7407,71684.555,344.5298
2924540.0,1411.9503,1584.0105,82782.016,391.12198,3102578.0,2326.2493,1472.7305,192652.05,644.39044,3683223.2,1796.2959,2686.7722,131560.81,497.58893,2443670.5,1198.8649,3549.8289,72029.086,332.09555
2924192.0,1391.6223,1561.2053,83173.14,385.49097,3102041.0,2260.5188,1431.117,193296.44,626.18256,3682788.0,1771.1322,2649.134,132058.4,490.61838,2443499.8,1158.0222,3428.894,72361.18,320.7818
2923846.5,1372.7892,1540.0771,83558.63,380.27402,3101509.5,2202.3901,1394.316,193922.62,610.0804,3682352.0,1749.3884,2616.611,132549.03,484.59515,2443328.5,1120.3037,3317.21,72681.96,310.33347
2923501.8,1356.1129,1521.3688,83938.91,375.65457,3100984.5,2150.3616,1361.3772,194532.7,595.668,3681914.5,1730.5563,2588.4434,133033.62,479.3785,2443154.2,1085.974,3215.5598,72992.3,300.82382
2923156.5,1341.7897,1505.3002,84314.56,371.68692,3100464.5,2104.104,1332.0919,195128.38,582.8543,3681474.0,1714.9011,2565.0276,133513.0,475.0419,2442974.8,1055.3701,3124.9421,73293.12,292.3463
2922810.0,1329.8527,1491.9084,84686.25,368.38025,3099947.5,2063.6672,1306.4917,195711.23,571.653,3681029.5,1702.7313,2546.8247,133988.05,471.67075,2442788.0,1028.6664,3045.8726,73585.46,284.94916
2922461.8,1320.2802,1481.1693,85054.63,365.72858,3099432.0,2029.1837,1284.6604,196282.89,562.10077,3680578.8,1694.2904,2534.1995,134459.72,469.33255,2442593.0,1005.9435,2978.5903,73870.41,278.65472
2922111.8,1313.0254,1473.0306,85420.36,363.71896,3098916.5,2000.7653,1266.669,196844.98,554.22864,3680120.8,1689.7391,2527.392,134929.05,468.0718,2442388.5,987.2273,2923.1719,74149.06,273.47018
2921758.5,1308.0176,1467.4125,85784.08,362.33176,3098398.8,1978.4762,1252.558,197399.22,548.0544,3679654.0,1689.1313,2526.483,135397.12,467.90344,2442173.5,972.4855,2879.5212,74422.53,269.38657
2921402.0,1305.176,1464.2247,86146.41,361.54462,3097877.2,1962.3336,1242.3383,197947.27,543.58276,3679178.0,1692.4602,2531.462,135865.03,468.82556,2441946.8,961.66284,2847.4756,74691.914,266.3886
2921042.0,1304.4446,1463.4042,86507.95,361.342,3097350.0,1952.359,1236.0233,198490.84,540.8197,3678691.2,1699.7058,2542.2996,136333.86,470.83267,2441708.2,954.70526,2826.8743,74958.305,264.4613
2920678.0,1305.7743,1464.8959,86869.3,361.71036,3096815.2,1948.5472,1233.6101,199031.66,539.7638,3678192.5,1710.8118,2558.911,136804.69,473.9091,2441456.2,951.54736,2817.524,75222.766,263.58655
2920309.0,1309.1333,1468.6642,87231.01,362.6408,3096271.8,1950.8706,1235.081,199571.42,540.4074,3677681.5,1725.6935,2581.17,137278.6,478.03146,2441190.2,952.1306,2819.2507,75486.35,263.7481
2919935.0,1314.5134,1474.7,87593.65,364.13116,3095717.5,1959.2976,1240.4161,200111.83,542.74176,3677157.0,1744.2482,2608.9229,137756.62,483.17126,2440909.5,956.4064,2831.9114,75750.1,264.93253
2919555.2,1321.9354,1483.0265,87957.78,366.18713,3095151.2,1973.7856,1249.5884,200654.56,546.75507,3676619.0,1766.3617,2641.9985,138239.8,489.2969,2440613.5,964.3262,2855.3616,76015.03,267.12637
